FIRM NAME;Special Rules;Do Accts Mirror Each Other (Like Titled)?;Is the Acct a Trust or is this a Rollover?;Does the Acct hold an annuity or insurance product?;OUTPUT (if firm and answers to questions meet rules)
A G Edwards; ;Yes         (See Decision Table and Process Flow from Reqs doc.);No         (See Decision Table and Process Flow from Reqs doc);No       (See Decision Table and Process Flow from Reqs doc);docusign eligible
ABN Ambro;;Yes         (See Decision Table and Process Flow from Reqs doc.);No         (See Decision Table and Process Flow from Reqs doc);No       (See Decision Table and Process Flow from Reqs doc);docusign eligible
Adams Harkness & Hill;;Yes         (See Decision Table and Process Flow from Reqs doc.);No         (See Decision Table and Process Flow from Reqs doc);No       (See Decision Table and Process Flow from Reqs doc);docusign eligible
ADP Clearing; ;Yes         (See Decision Table and Process Flow from Reqs doc.);No         (See Decision Table and Process Flow from Reqs doc);No       (See Decision Table and Process Flow from Reqs doc);docusign eligible
Advantage;;Yes         (See Decision Table and Process Flow from Reqs doc.);No         (See Decision Table and Process Flow from Reqs doc);No       (See Decision Table and Process Flow from Reqs doc);docusign eligible
Allen & Co  (Florida); ;Yes         (See Decision Table and Process Flow from Reqs doc.);No         (See Decision Table and Process Flow from Reqs doc);No       (See Decision Table and Process Flow from Reqs doc);docusign eligible
Allen & Co  (New York); ;Yes         (See Decision Table and Process Flow from Reqs doc.);No         (See Decision Table and Process Flow from Reqs doc);No       (See Decision Table and Process Flow from Reqs doc);docusign eligible
Alliant Securities;;Yes         (See Decision Table and Process Flow from Reqs doc.);No         (See Decision Table and Process Flow from Reqs doc);No       (See Decision Table and Process Flow from Reqs doc);docusign eligible
Alpine;;Yes         (See Decision Table and Process Flow from Reqs doc.);No         (See Decision Table and Process Flow from Reqs doc);No       (See Decision Table and Process Flow from Reqs doc);docusign eligible
American General Securities Inc;;Yes         (See Decision Table and Process Flow from Reqs doc.);No         (See Decision Table and Process Flow from Reqs doc);No       (See Decision Table and Process Flow from Reqs doc);docusign eligible
AmSouth Investment Services;;Yes         (See Decision Table and Process Flow from Reqs doc.);No         (See Decision Table and Process Flow from Reqs doc);No       (See Decision Table and Process Flow from Reqs doc);docusign eligible
Baer;;Yes         (See Decision Table and Process Flow from Reqs doc.);No         (See Decision Table and Process Flow from Reqs doc);No       (See Decision Table and Process Flow from Reqs doc);docusign eligible
Baird & Co;;Yes         (See Decision Table and Process Flow from Reqs doc.);No         (See Decision Table and Process Flow from Reqs doc);No       (See Decision Table and Process Flow from Reqs doc);docusign eligible
Bank of America;Is this a personal bank acct holding a CD?;Yes         (See Decision Table and Process Flow from Reqs doc.);No         (See Decision Table and Process Flow from Reqs doc);No       (See Decision Table and Process Flow from Reqs doc);if yes, print & mail.  If no, docusign eligible
Barclays Capital Inc;;Yes         (See Decision Table and Process Flow from Reqs doc.);No         (See Decision Table and Process Flow from Reqs doc);No       (See Decision Table and Process Flow from Reqs doc);docusign eligible
Barron & Associates Inc;;Yes         (See Decision Table and Process Flow from Reqs doc.);No         (See Decision Table and Process Flow from Reqs doc);No       (See Decision Table and Process Flow from Reqs doc);docusign eligible
Berthel Fisher;;Yes         (See Decision Table and Process Flow from Reqs doc.);No         (See Decision Table and Process Flow from Reqs doc);No       (See Decision Table and Process Flow from Reqs doc);docusign eligible
Bidwell;;Yes         (See Decision Table and Process Flow from Reqs doc.);No         (See Decision Table and Process Flow from Reqs doc);No       (See Decision Table and Process Flow from Reqs doc);docusign eligible
Blue Creek Securities;;Yes         (See Decision Table and Process Flow from Reqs doc.);No         (See Decision Table and Process Flow from Reqs doc);No       (See Decision Table and Process Flow from Reqs doc);docusign eligible
Brinker;;Yes         (See Decision Table and Process Flow from Reqs doc.);No         (See Decision Table and Process Flow from Reqs doc);No       (See Decision Table and Process Flow from Reqs doc);docusign eligible
BrokersXpress   ;;Yes         (See Decision Table and Process Flow from Reqs doc.);No         (See Decision Table and Process Flow from Reqs doc);No       (See Decision Table and Process Flow from Reqs doc);docusign eligible
Brown Brothers                                         ;;Yes         (See Decision Table and Process Flow from Reqs doc.);No         (See Decision Table and Process Flow from Reqs doc);No       (See Decision Table and Process Flow from Reqs doc);docusign eligible
Butler Wick & Co ;;Yes         (See Decision Table and Process Flow from Reqs doc.);No         (See Decision Table and Process Flow from Reqs doc);No       (See Decision Table and Process Flow from Reqs doc);docusign eligible
C L King;;Yes         (See Decision Table and Process Flow from Reqs doc.);No         (See Decision Table and Process Flow from Reqs doc);No       (See Decision Table and Process Flow from Reqs doc);docusign eligible
Cambridge Investment Research;;Yes         (See Decision Table and Process Flow from Reqs doc.);No         (See Decision Table and Process Flow from Reqs doc);No       (See Decision Table and Process Flow from Reqs doc);docusign eligible
Cantor;;Yes         (See Decision Table and Process Flow from Reqs doc.);No         (See Decision Table and Process Flow from Reqs doc);No       (See Decision Table and Process Flow from Reqs doc);docusign eligible
Capital Analysis Inc;;Yes         (See Decision Table and Process Flow from Reqs doc.);No         (See Decision Table and Process Flow from Reqs doc);No       (See Decision Table and Process Flow from Reqs doc);docusign eligible
Capital Securities of America;;Yes         (See Decision Table and Process Flow from Reqs doc.);No         (See Decision Table and Process Flow from Reqs doc);No       (See Decision Table and Process Flow from Reqs doc);docusign eligible
Captrust;;Yes         (See Decision Table and Process Flow from Reqs doc.);No         (See Decision Table and Process Flow from Reqs doc);No       (See Decision Table and Process Flow from Reqs doc);docusign eligible
Charles Schwab;;Yes         (See Decision Table and Process Flow from Reqs doc.);No         (See Decision Table and Process Flow from Reqs doc);No       (See Decision Table and Process Flow from Reqs doc);docusign eligible
Citigroup (Smith Barney);;Yes         (See Decision Table and Process Flow from Reqs doc.);No         (See Decision Table and Process Flow from Reqs doc);No       (See Decision Table and Process Flow from Reqs doc);docusign eligible
City National;;Yes         (See Decision Table and Process Flow from Reqs doc.);No         (See Decision Table and Process Flow from Reqs doc);No       (See Decision Table and Process Flow from Reqs doc);docusign eligible
City Securities, LLC;;Yes         (See Decision Table and Process Flow from Reqs doc.);No         (See Decision Table and Process Flow from Reqs doc);No       (See Decision Table and Process Flow from Reqs doc);docusign eligible
Commerce Capital Markets;;Yes         (See Decision Table and Process Flow from Reqs doc.);No         (See Decision Table and Process Flow from Reqs doc);No       (See Decision Table and Process Flow from Reqs doc);docusign eligible
CommerzBank;;Yes         (See Decision Table and Process Flow from Reqs doc.);No         (See Decision Table and Process Flow from Reqs doc);No       (See Decision Table and Process Flow from Reqs doc);docusign eligible
Commonwealth Financial Network;;Yes         (See Decision Table and Process Flow from Reqs doc.);No         (See Decision Table and Process Flow from Reqs doc);No       (See Decision Table and Process Flow from Reqs doc);docusign eligible
Comprehensive Asset Management Services;;Yes         (See Decision Table and Process Flow from Reqs doc.);No         (See Decision Table and Process Flow from Reqs doc);No       (See Decision Table and Process Flow from Reqs doc);docusign eligible
Computer Clearing Services;;Yes         (See Decision Table and Process Flow from Reqs doc.);No         (See Decision Table and Process Flow from Reqs doc);No       (See Decision Table and Process Flow from Reqs doc);docusign eligible
Cornerstone;;Yes         (See Decision Table and Process Flow from Reqs doc.);No         (See Decision Table and Process Flow from Reqs doc);No       (See Decision Table and Process Flow from Reqs doc);docusign eligible
Credit Suisse First Boston;;Yes         (See Decision Table and Process Flow from Reqs doc.);No         (See Decision Table and Process Flow from Reqs doc);No       (See Decision Table and Process Flow from Reqs doc);docusign eligible
Crews & Associates, Inc;;Yes         (See Decision Table and Process Flow from Reqs doc.);No         (See Decision Table and Process Flow from Reqs doc);No       (See Decision Table and Process Flow from Reqs doc);docusign eligible
Crowell Weedon & Co;;Yes         (See Decision Table and Process Flow from Reqs doc.);No         (See Decision Table and Process Flow from Reqs doc);No       (See Decision Table and Process Flow from Reqs doc);docusign eligible
Curian Clearing;;Yes         (See Decision Table and Process Flow from Reqs doc.);No         (See Decision Table and Process Flow from Reqs doc);No       (See Decision Table and Process Flow from Reqs doc);docusign eligible
Cutter & Co;;Yes         (See Decision Table and Process Flow from Reqs doc.);No         (See Decision Table and Process Flow from Reqs doc);No       (See Decision Table and Process Flow from Reqs doc);docusign eligible
D A Davidson;;Yes         (See Decision Table and Process Flow from Reqs doc.);No         (See Decision Table and Process Flow from Reqs doc);No       (See Decision Table and Process Flow from Reqs doc);docusign eligible
Daiwa Securities;;Yes         (See Decision Table and Process Flow from Reqs doc.);No         (See Decision Table and Process Flow from Reqs doc);No       (See Decision Table and Process Flow from Reqs doc);docusign eligible
Davenport & Co;;Yes         (See Decision Table and Process Flow from Reqs doc.);No         (See Decision Table and Process Flow from Reqs doc);No       (See Decision Table and Process Flow from Reqs doc);docusign eligible
David Lerner;;Yes         (See Decision Table and Process Flow from Reqs doc.);No         (See Decision Table and Process Flow from Reqs doc);No       (See Decision Table and Process Flow from Reqs doc);docusign eligible
Delaware MTC;;Yes         (See Decision Table and Process Flow from Reqs doc.);No         (See Decision Table and Process Flow from Reqs doc);No       (See Decision Table and Process Flow from Reqs doc);docusign eligible
Deutsche Bank;;Yes         (See Decision Table and Process Flow from Reqs doc.);No         (See Decision Table and Process Flow from Reqs doc);No       (See Decision Table and Process Flow from Reqs doc);docusign eligible
Diament;;Yes         (See Decision Table and Process Flow from Reqs doc.);No         (See Decision Table and Process Flow from Reqs doc);No       (See Decision Table and Process Flow from Reqs doc);docusign eligible
DM Kelly & Co;;Yes         (See Decision Table and Process Flow from Reqs doc.);No         (See Decision Table and Process Flow from Reqs doc);No       (See Decision Table and Process Flow from Reqs doc);docusign eligible
Dreyfus;;Yes         (See Decision Table and Process Flow from Reqs doc.);No         (See Decision Table and Process Flow from Reqs doc);No       (See Decision Table and Process Flow from Reqs doc);docusign eligible
e*Trade   ;;Yes         (See Decision Table and Process Flow from Reqs doc.);No         (See Decision Table and Process Flow from Reqs doc);No       (See Decision Table and Process Flow from Reqs doc);docusign eligible
EA Invest Securities;;Yes         (See Decision Table and Process Flow from Reqs doc.);No         (See Decision Table and Process Flow from Reqs doc);No       (See Decision Table and Process Flow from Reqs doc);docusign eligible
Edward Jones;;Yes         (See Decision Table and Process Flow from Reqs doc.);No         (See Decision Table and Process Flow from Reqs doc);No       (See Decision Table and Process Flow from Reqs doc);docusign eligible
Emmett Larkin;;Yes         (See Decision Table and Process Flow from Reqs doc.);No         (See Decision Table and Process Flow from Reqs doc);No       (See Decision Table and Process Flow from Reqs doc);docusign eligible
Equitas America LLC;;Yes         (See Decision Table and Process Flow from Reqs doc.);No         (See Decision Table and Process Flow from Reqs doc);No       (See Decision Table and Process Flow from Reqs doc);docusign eligible
Fagenson;;Yes         (See Decision Table and Process Flow from Reqs doc.);No         (See Decision Table and Process Flow from Reqs doc);No       (See Decision Table and Process Flow from Reqs doc);docusign eligible
Fahnestock (Oppenheimer & Co);;Yes         (See Decision Table and Process Flow from Reqs doc.);No         (See Decision Table and Process Flow from Reqs doc);No       (See Decision Table and Process Flow from Reqs doc);docusign eligible
Ferris Baker Watts;;Yes         (See Decision Table and Process Flow from Reqs doc.);No         (See Decision Table and Process Flow from Reqs doc);No       (See Decision Table and Process Flow from Reqs doc);docusign eligible
Fidelity Investments;9 Characters with ALL #s or first digit as a letter?;Yes         (See Decision Table and Process Flow from Reqs doc.);No         (See Decision Table and Process Flow from Reqs doc);No       (See Decision Table and Process Flow from Reqs doc);If yes, docusign eligible.  If no, print & mail.
Fifth 3rd Bank/Securities;9 Characters in the acct #?;Yes         (See Decision Table and Process Flow from Reqs doc.);No         (See Decision Table and Process Flow from Reqs doc);No       (See Decision Table and Process Flow from Reqs doc);If yes, docusign eligible.  If no, print & mail.
Financial Network;;Yes         (See Decision Table and Process Flow from Reqs doc.);No         (See Decision Table and Process Flow from Reqs doc);No       (See Decision Table and Process Flow from Reqs doc);docusign eligible
First Albany;;Yes         (See Decision Table and Process Flow from Reqs doc.);No         (See Decision Table and Process Flow from Reqs doc);No       (See Decision Table and Process Flow from Reqs doc);docusign eligible
First Clearing Corp;8 Characters in the acct #?;Yes         (See Decision Table and Process Flow from Reqs doc.);No         (See Decision Table and Process Flow from Reqs doc);No       (See Decision Table and Process Flow from Reqs doc);If yes, docusign eligible.  If no, print & mail.
First Commonwealth;;Yes         (See Decision Table and Process Flow from Reqs doc.);No         (See Decision Table and Process Flow from Reqs doc);No       (See Decision Table and Process Flow from Reqs doc);docusign eligible
First Global Capital Corp;;Yes         (See Decision Table and Process Flow from Reqs doc.);No         (See Decision Table and Process Flow from Reqs doc);No       (See Decision Table and Process Flow from Reqs doc);docusign eligible
First Manhattan;;Yes         (See Decision Table and Process Flow from Reqs doc.);No         (See Decision Table and Process Flow from Reqs doc);No       (See Decision Table and Process Flow from Reqs doc);docusign eligible
First National Bank of Omaha;;Yes         (See Decision Table and Process Flow from Reqs doc.);No         (See Decision Table and Process Flow from Reqs doc);No       (See Decision Table and Process Flow from Reqs doc);docusign eligible
First Options of Chicago;;Yes         (See Decision Table and Process Flow from Reqs doc.);No         (See Decision Table and Process Flow from Reqs doc);No       (See Decision Table and Process Flow from Reqs doc);docusign eligible
First Southwest Clearing;;Yes         (See Decision Table and Process Flow from Reqs doc.);No         (See Decision Table and Process Flow from Reqs doc);No       (See Decision Table and Process Flow from Reqs doc);docusign eligible
First Wallstreet Corp;;Yes         (See Decision Table and Process Flow from Reqs doc.);No         (See Decision Table and Process Flow from Reqs doc);No       (See Decision Table and Process Flow from Reqs doc);docusign eligible
Firstrade Securities;;Yes         (See Decision Table and Process Flow from Reqs doc.);No         (See Decision Table and Process Flow from Reqs doc);No       (See Decision Table and Process Flow from Reqs doc);docusign eligible
Fiserv;12 numbers in the acct #?;Yes         (See Decision Table and Process Flow from Reqs doc.);No         (See Decision Table and Process Flow from Reqs doc);No       (See Decision Table and Process Flow from Reqs doc);if yes, print & mail.  If no, docusign eligible
Foliofn       ;;Yes         (See Decision Table and Process Flow from Reqs doc.);No         (See Decision Table and Process Flow from Reqs doc);No       (See Decision Table and Process Flow from Reqs doc);docusign eligible
Fred Alger;;Yes         (See Decision Table and Process Flow from Reqs doc.);No         (See Decision Table and Process Flow from Reqs doc);No       (See Decision Table and Process Flow from Reqs doc);docusign eligible
Fried;;Yes         (See Decision Table and Process Flow from Reqs doc.);No         (See Decision Table and Process Flow from Reqs doc);No       (See Decision Table and Process Flow from Reqs doc);docusign eligible
FSC Securities Corp;;Yes         (See Decision Table and Process Flow from Reqs doc.);No         (See Decision Table and Process Flow from Reqs doc);No       (See Decision Table and Process Flow from Reqs doc);docusign eligible
Geneos Wealth Management;;Yes         (See Decision Table and Process Flow from Reqs doc.);No         (See Decision Table and Process Flow from Reqs doc);No       (See Decision Table and Process Flow from Reqs doc);docusign eligible
Genesis Securities;;Yes         (See Decision Table and Process Flow from Reqs doc.);No         (See Decision Table and Process Flow from Reqs doc);No       (See Decision Table and Process Flow from Reqs doc);docusign eligible
George K Baum;;Yes         (See Decision Table and Process Flow from Reqs doc.);No         (See Decision Table and Process Flow from Reqs doc);No       (See Decision Table and Process Flow from Reqs doc);docusign eligible
Girard Securities;;Yes         (See Decision Table and Process Flow from Reqs doc.);No         (See Decision Table and Process Flow from Reqs doc);No       (See Decision Table and Process Flow from Reqs doc);docusign eligible
Goldman Sachs;;Yes         (See Decision Table and Process Flow from Reqs doc.);No         (See Decision Table and Process Flow from Reqs doc);No       (See Decision Table and Process Flow from Reqs doc);docusign eligible
Goldman Sachs Execution & Clearing, LP;;Yes         (See Decision Table and Process Flow from Reqs doc.);No         (See Decision Table and Process Flow from Reqs doc);No       (See Decision Table and Process Flow from Reqs doc);docusign eligible
Gordon & Co;;Yes         (See Decision Table and Process Flow from Reqs doc.);No         (See Decision Table and Process Flow from Reqs doc);No       (See Decision Table and Process Flow from Reqs doc);docusign eligible
Gordon Haskett Capital Corp;;Yes         (See Decision Table and Process Flow from Reqs doc.);No         (See Decision Table and Process Flow from Reqs doc);No       (See Decision Table and Process Flow from Reqs doc);docusign eligible
Great American Advisors, Inc;;Yes         (See Decision Table and Process Flow from Reqs doc.);No         (See Decision Table and Process Flow from Reqs doc);No       (See Decision Table and Process Flow from Reqs doc);docusign eligible
GunnAllen Financial;;Yes         (See Decision Table and Process Flow from Reqs doc.);No         (See Decision Table and Process Flow from Reqs doc);No       (See Decision Table and Process Flow from Reqs doc);docusign eligible
Guss;;Yes         (See Decision Table and Process Flow from Reqs doc.);No         (See Decision Table and Process Flow from Reqs doc);No       (See Decision Table and Process Flow from Reqs doc);docusign eligible
H C Denison & Co;;Yes         (See Decision Table and Process Flow from Reqs doc.);No         (See Decision Table and Process Flow from Reqs doc);No       (See Decision Table and Process Flow from Reqs doc);docusign eligible
H G Wellington;;Yes         (See Decision Table and Process Flow from Reqs doc.);No         (See Decision Table and Process Flow from Reqs doc);No       (See Decision Table and Process Flow from Reqs doc);docusign eligible
H M Payson;;Yes         (See Decision Table and Process Flow from Reqs doc.);No         (See Decision Table and Process Flow from Reqs doc);No       (See Decision Table and Process Flow from Reqs doc);docusign eligible
Harris Direct;;Yes         (See Decision Table and Process Flow from Reqs doc.);No         (See Decision Table and Process Flow from Reqs doc);No       (See Decision Table and Process Flow from Reqs doc);docusign eligible
Harris Investor Line;;Yes         (See Decision Table and Process Flow from Reqs doc.);No         (See Decision Table and Process Flow from Reqs doc);No       (See Decision Table and Process Flow from Reqs doc);docusign eligible
HD Vest;;Yes         (See Decision Table and Process Flow from Reqs doc.);No         (See Decision Table and Process Flow from Reqs doc);No       (See Decision Table and Process Flow from Reqs doc);docusign eligible
Herzog, Heine, Geduld, Inc;;Yes         (See Decision Table and Process Flow from Reqs doc.);No         (See Decision Table and Process Flow from Reqs doc);No       (See Decision Table and Process Flow from Reqs doc);docusign eligible
HFI Securities;;Yes         (See Decision Table and Process Flow from Reqs doc.);No         (See Decision Table and Process Flow from Reqs doc);No       (See Decision Table and Process Flow from Reqs doc);docusign eligible
Hillard Lyons;;Yes         (See Decision Table and Process Flow from Reqs doc.);No         (See Decision Table and Process Flow from Reqs doc);No       (See Decision Table and Process Flow from Reqs doc);docusign eligible
Howe Barnes Investments;;Yes         (See Decision Table and Process Flow from Reqs doc.);No         (See Decision Table and Process Flow from Reqs doc);No       (See Decision Table and Process Flow from Reqs doc);docusign eligible
HSBC Securities;;Yes         (See Decision Table and Process Flow from Reqs doc.);No         (See Decision Table and Process Flow from Reqs doc);No       (See Decision Table and Process Flow from Reqs doc);docusign eligible
Huntleigh Securities                ;;Yes         (See Decision Table and Process Flow from Reqs doc.);No         (See Decision Table and Process Flow from Reqs doc);No       (See Decision Table and Process Flow from Reqs doc);docusign eligible
HybridTrading;;Yes         (See Decision Table and Process Flow from Reqs doc.);No         (See Decision Table and Process Flow from Reqs doc);No       (See Decision Table and Process Flow from Reqs doc);docusign eligible
Ingalls & Snyder;;Yes         (See Decision Table and Process Flow from Reqs doc.);No         (See Decision Table and Process Flow from Reqs doc);No       (See Decision Table and Process Flow from Reqs doc);docusign eligible
Instinet;;Yes         (See Decision Table and Process Flow from Reqs doc.);No         (See Decision Table and Process Flow from Reqs doc);No       (See Decision Table and Process Flow from Reqs doc);docusign eligible
Interactive Brokers                                  ;;Yes         (See Decision Table and Process Flow from Reqs doc.);No         (See Decision Table and Process Flow from Reqs doc);No       (See Decision Table and Process Flow from Reqs doc);docusign eligible
Invest Financial;;Yes         (See Decision Table and Process Flow from Reqs doc.);No         (See Decision Table and Process Flow from Reqs doc);No       (See Decision Table and Process Flow from Reqs doc);docusign eligible
Investors Capital;;Yes         (See Decision Table and Process Flow from Reqs doc.);No         (See Decision Table and Process Flow from Reqs doc);No       (See Decision Table and Process Flow from Reqs doc);docusign eligible
Janney Montgomery Scott;;Yes         (See Decision Table and Process Flow from Reqs doc.);No         (See Decision Table and Process Flow from Reqs doc);No       (See Decision Table and Process Flow from Reqs doc);docusign eligible
JB Hanauer;;Yes         (See Decision Table and Process Flow from Reqs doc.);No         (See Decision Table and Process Flow from Reqs doc);No       (See Decision Table and Process Flow from Reqs doc);docusign eligible
Jefferies & Co;;Yes         (See Decision Table and Process Flow from Reqs doc.);No         (See Decision Table and Process Flow from Reqs doc);No       (See Decision Table and Process Flow from Reqs doc);docusign eligible
Jefferson Pilot Financial;;Yes         (See Decision Table and Process Flow from Reqs doc.);No         (See Decision Table and Process Flow from Reqs doc);No       (See Decision Table and Process Flow from Reqs doc);docusign eligible
Jeffery Matthews Financial Network;;Yes         (See Decision Table and Process Flow from Reqs doc.);No         (See Decision Table and Process Flow from Reqs doc);No       (See Decision Table and Process Flow from Reqs doc);docusign eligible
Jessup & Lamont;;Yes         (See Decision Table and Process Flow from Reqs doc.);No         (See Decision Table and Process Flow from Reqs doc);No       (See Decision Table and Process Flow from Reqs doc);docusign eligible
JP Turner;;Yes         (See Decision Table and Process Flow from Reqs doc.);No         (See Decision Table and Process Flow from Reqs doc);No       (See Decision Table and Process Flow from Reqs doc);docusign eligible
KMS Financial Services;;Yes         (See Decision Table and Process Flow from Reqs doc.);No         (See Decision Table and Process Flow from Reqs doc);No       (See Decision Table and Process Flow from Reqs doc);docusign eligible
Koonce Secs;;Yes         (See Decision Table and Process Flow from Reqs doc.);No         (See Decision Table and Process Flow from Reqs doc);No       (See Decision Table and Process Flow from Reqs doc);docusign eligible
Kovack Securities;;Yes         (See Decision Table and Process Flow from Reqs doc.);No         (See Decision Table and Process Flow from Reqs doc);No       (See Decision Table and Process Flow from Reqs doc);docusign eligible
LaBranche Financial;;Yes         (See Decision Table and Process Flow from Reqs doc.);No         (See Decision Table and Process Flow from Reqs doc);No       (See Decision Table and Process Flow from Reqs doc);docusign eligible
Lazard Freres;;Yes         (See Decision Table and Process Flow from Reqs doc.);No         (See Decision Table and Process Flow from Reqs doc);No       (See Decision Table and Process Flow from Reqs doc);docusign eligible
Legacy Trust           ;;Yes         (See Decision Table and Process Flow from Reqs doc.);No         (See Decision Table and Process Flow from Reqs doc);No       (See Decision Table and Process Flow from Reqs doc);docusign eligible
Legent Clearing ;;Yes         (See Decision Table and Process Flow from Reqs doc.);No         (See Decision Table and Process Flow from Reqs doc);No       (See Decision Table and Process Flow from Reqs doc);docusign eligible
Liberty Capital Investment Corp;;Yes         (See Decision Table and Process Flow from Reqs doc.);No         (See Decision Table and Process Flow from Reqs doc);No       (See Decision Table and Process Flow from Reqs doc);docusign eligible
Liberty Partners;;Yes         (See Decision Table and Process Flow from Reqs doc.);No         (See Decision Table and Process Flow from Reqs doc);No       (See Decision Table and Process Flow from Reqs doc);docusign eligible
Lincoln Financial Advisors;;Yes         (See Decision Table and Process Flow from Reqs doc.);No         (See Decision Table and Process Flow from Reqs doc);No       (See Decision Table and Process Flow from Reqs doc);docusign eligible
Lincoln Financial Securities;;Yes         (See Decision Table and Process Flow from Reqs doc.);No         (See Decision Table and Process Flow from Reqs doc);No       (See Decision Table and Process Flow from Reqs doc);docusign eligible
Linsco Private Ledger  (LPL);;Yes         (See Decision Table and Process Flow from Reqs doc.);No         (See Decision Table and Process Flow from Reqs doc);No       (See Decision Table and Process Flow from Reqs doc);docusign eligible
M & I BROKERAGE SERVICES;;Yes         (See Decision Table and Process Flow from Reqs doc.);No         (See Decision Table and Process Flow from Reqs doc);No       (See Decision Table and Process Flow from Reqs doc);docusign eligible
Man Securities;;Yes         (See Decision Table and Process Flow from Reqs doc.);No         (See Decision Table and Process Flow from Reqs doc);No       (See Decision Table and Process Flow from Reqs doc);docusign eligible
Marsco;;Yes         (See Decision Table and Process Flow from Reqs doc.);No         (See Decision Table and Process Flow from Reqs doc);No       (See Decision Table and Process Flow from Reqs doc);docusign eligible
Maxim Group;;Yes         (See Decision Table and Process Flow from Reqs doc.);No         (See Decision Table and Process Flow from Reqs doc);No       (See Decision Table and Process Flow from Reqs doc);docusign eligible
McDonald Investments;;Yes         (See Decision Table and Process Flow from Reqs doc.);No         (See Decision Table and Process Flow from Reqs doc);No       (See Decision Table and Process Flow from Reqs doc);docusign eligible
McLaughlin, Piven, Vogel Securities, Inc;;Yes         (See Decision Table and Process Flow from Reqs doc.);No         (See Decision Table and Process Flow from Reqs doc);No       (See Decision Table and Process Flow from Reqs doc);docusign eligible
MDB Capital Group, LLC;;Yes         (See Decision Table and Process Flow from Reqs doc.);No         (See Decision Table and Process Flow from Reqs doc);No       (See Decision Table and Process Flow from Reqs doc);docusign eligible
Merrill Lynch;;Yes         (See Decision Table and Process Flow from Reqs doc.);No         (See Decision Table and Process Flow from Reqs doc);No       (See Decision Table and Process Flow from Reqs doc);docusign eligible
Mesirow;;Yes         (See Decision Table and Process Flow from Reqs doc.);No         (See Decision Table and Process Flow from Reqs doc);No       (See Decision Table and Process Flow from Reqs doc);docusign eligible
Met Life SECURITIES;;Yes         (See Decision Table and Process Flow from Reqs doc.);No         (See Decision Table and Process Flow from Reqs doc);No       (See Decision Table and Process Flow from Reqs doc);docusign eligible
MF Global;;Yes         (See Decision Table and Process Flow from Reqs doc.);No         (See Decision Table and Process Flow from Reqs doc);No       (See Decision Table and Process Flow from Reqs doc);docusign eligible
MG Trust;;Yes         (See Decision Table and Process Flow from Reqs doc.);No         (See Decision Table and Process Flow from Reqs doc);No       (See Decision Table and Process Flow from Reqs doc);docusign eligible
Mid Atlantic;;Yes         (See Decision Table and Process Flow from Reqs doc.);No         (See Decision Table and Process Flow from Reqs doc);No       (See Decision Table and Process Flow from Reqs doc);docusign eligible
ML Stern;;Yes         (See Decision Table and Process Flow from Reqs doc.);No         (See Decision Table and Process Flow from Reqs doc);No       (See Decision Table and Process Flow from Reqs doc);docusign eligible
MML Investors Service;;Yes         (See Decision Table and Process Flow from Reqs doc.);No         (See Decision Table and Process Flow from Reqs doc);No       (See Decision Table and Process Flow from Reqs doc);docusign eligible
Moore & Cabot;;Yes         (See Decision Table and Process Flow from Reqs doc.);No         (See Decision Table and Process Flow from Reqs doc);No       (See Decision Table and Process Flow from Reqs doc);docusign eligible
Morgan Keegan  -  ;;Yes         (See Decision Table and Process Flow from Reqs doc.);No         (See Decision Table and Process Flow from Reqs doc);No       (See Decision Table and Process Flow from Reqs doc);docusign eligible
Morgan Stanley & Co;;Yes         (See Decision Table and Process Flow from Reqs doc.);No         (See Decision Table and Process Flow from Reqs doc);No       (See Decision Table and Process Flow from Reqs doc);docusign eligible
Morgan Stanley Smith Barney;;Yes         (See Decision Table and Process Flow from Reqs doc.);No         (See Decision Table and Process Flow from Reqs doc);No       (See Decision Table and Process Flow from Reqs doc);docusign eligible
MTB Funds;;Yes         (See Decision Table and Process Flow from Reqs doc.);No         (See Decision Table and Process Flow from Reqs doc);No       (See Decision Table and Process Flow from Reqs doc);docusign eligible
Multi-Financial Securities;;Yes         (See Decision Table and Process Flow from Reqs doc.);No         (See Decision Table and Process Flow from Reqs doc);No       (See Decision Table and Process Flow from Reqs doc);docusign eligible
Muriel Seibert & Co;;Yes         (See Decision Table and Process Flow from Reqs doc.);No         (See Decision Table and Process Flow from Reqs doc);No       (See Decision Table and Process Flow from Reqs doc);docusign eligible
Mutual Services Corporation;;Yes         (See Decision Table and Process Flow from Reqs doc.);No         (See Decision Table and Process Flow from Reqs doc);No       (See Decision Table and Process Flow from Reqs doc);docusign eligible
Natexis Bleichroeder;;Yes         (See Decision Table and Process Flow from Reqs doc.);No         (See Decision Table and Process Flow from Reqs doc);No       (See Decision Table and Process Flow from Reqs doc);docusign eligible
National City Investors (NatCity);;Yes         (See Decision Table and Process Flow from Reqs doc.);No         (See Decision Table and Process Flow from Reqs doc);No       (See Decision Table and Process Flow from Reqs doc);docusign eligible
National Financial Services;;Yes         (See Decision Table and Process Flow from Reqs doc.);No         (See Decision Table and Process Flow from Reqs doc);No       (See Decision Table and Process Flow from Reqs doc);docusign eligible
NBC Securities;;Yes         (See Decision Table and Process Flow from Reqs doc.);No         (See Decision Table and Process Flow from Reqs doc);No       (See Decision Table and Process Flow from Reqs doc);docusign eligible
Neuberger & Berman;;Yes         (See Decision Table and Process Flow from Reqs doc.);No         (See Decision Table and Process Flow from Reqs doc);No       (See Decision Table and Process Flow from Reqs doc);docusign eligible
Next;;Yes         (See Decision Table and Process Flow from Reqs doc.);No         (See Decision Table and Process Flow from Reqs doc);No       (See Decision Table and Process Flow from Reqs doc);docusign eligible
NF Clearing;;Yes         (See Decision Table and Process Flow from Reqs doc.);No         (See Decision Table and Process Flow from Reqs doc);No       (See Decision Table and Process Flow from Reqs doc);docusign eligible
NFP Securities;;Yes         (See Decision Table and Process Flow from Reqs doc.);No         (See Decision Table and Process Flow from Reqs doc);No       (See Decision Table and Process Flow from Reqs doc);docusign eligible
Normura Securities;;Yes         (See Decision Table and Process Flow from Reqs doc.);No         (See Decision Table and Process Flow from Reqs doc);No       (See Decision Table and Process Flow from Reqs doc);docusign eligible
Northeast Advisers, Inc;;Yes         (See Decision Table and Process Flow from Reqs doc.);No         (See Decision Table and Process Flow from Reqs doc);No       (See Decision Table and Process Flow from Reqs doc);docusign eligible
Northeast Securities, Inc;;Yes         (See Decision Table and Process Flow from Reqs doc.);No         (See Decision Table and Process Flow from Reqs doc);No       (See Decision Table and Process Flow from Reqs doc);docusign eligible
Northern Trust SECURITIES;;Yes         (See Decision Table and Process Flow from Reqs doc.);No         (See Decision Table and Process Flow from Reqs doc);No       (See Decision Table and Process Flow from Reqs doc);docusign eligible
Noyes, David A;;Yes         (See Decision Table and Process Flow from Reqs doc.);No         (See Decision Table and Process Flow from Reqs doc);No       (See Decision Table and Process Flow from Reqs doc);docusign eligible
O'Keefe;;Yes         (See Decision Table and Process Flow from Reqs doc.);No         (See Decision Table and Process Flow from Reqs doc);No       (See Decision Table and Process Flow from Reqs doc);docusign eligible
Oppenheimer & Co SECURITIES;;Yes         (See Decision Table and Process Flow from Reqs doc.);No         (See Decision Table and Process Flow from Reqs doc);No       (See Decision Table and Process Flow from Reqs doc);docusign eligible
OptionsXpress/BrokersXpress   ;;Yes         (See Decision Table and Process Flow from Reqs doc.);No         (See Decision Table and Process Flow from Reqs doc);No       (See Decision Table and Process Flow from Reqs doc);docusign eligible
Pacific Wealth Management;;Yes         (See Decision Table and Process Flow from Reqs doc.);No         (See Decision Table and Process Flow from Reqs doc);No       (See Decision Table and Process Flow from Reqs doc);docusign eligible
Pacific West Securities inc;;Yes         (See Decision Table and Process Flow from Reqs doc.);No         (See Decision Table and Process Flow from Reqs doc);No       (See Decision Table and Process Flow from Reqs doc);docusign eligible
Park Avenue Securities LLC;;Yes         (See Decision Table and Process Flow from Reqs doc.);No         (See Decision Table and Process Flow from Reqs doc);No       (See Decision Table and Process Flow from Reqs doc);docusign eligible
Penson Financial     ;;Yes         (See Decision Table and Process Flow from Reqs doc.);No         (See Decision Table and Process Flow from Reqs doc);No       (See Decision Table and Process Flow from Reqs doc);docusign eligible
Perelman Carley & Assoc;;Yes         (See Decision Table and Process Flow from Reqs doc.);No         (See Decision Table and Process Flow from Reqs doc);No       (See Decision Table and Process Flow from Reqs doc);docusign eligible
Perkins Wolfe McDonnell & Co;;Yes         (See Decision Table and Process Flow from Reqs doc.);No         (See Decision Table and Process Flow from Reqs doc);No       (See Decision Table and Process Flow from Reqs doc);docusign eligible
Pershing                               ;;Yes         (See Decision Table and Process Flow from Reqs doc.);No         (See Decision Table and Process Flow from Reqs doc);No       (See Decision Table and Process Flow from Reqs doc);docusign eligible
PFIC Securities Corp;;Yes         (See Decision Table and Process Flow from Reqs doc.);No         (See Decision Table and Process Flow from Reqs doc);No       (See Decision Table and Process Flow from Reqs doc);docusign eligible
Pflueger & Baerwald;;Yes         (See Decision Table and Process Flow from Reqs doc.);No         (See Decision Table and Process Flow from Reqs doc);No       (See Decision Table and Process Flow from Reqs doc);docusign eligible
Pinnacle Investments;;Yes         (See Decision Table and Process Flow from Reqs doc.);No         (See Decision Table and Process Flow from Reqs doc);No       (See Decision Table and Process Flow from Reqs doc);docusign eligible
Piper Jaffrey ;;Yes         (See Decision Table and Process Flow from Reqs doc.);No         (See Decision Table and Process Flow from Reqs doc);No       (See Decision Table and Process Flow from Reqs doc);docusign eligible
Preferred Asset Management;;Yes         (See Decision Table and Process Flow from Reqs doc.);No         (See Decision Table and Process Flow from Reqs doc);No       (See Decision Table and Process Flow from Reqs doc);docusign eligible
Preffered Capital Markets;;Yes         (See Decision Table and Process Flow from Reqs doc.);No         (See Decision Table and Process Flow from Reqs doc);No       (See Decision Table and Process Flow from Reqs doc);docusign eligible
Primevest;;Yes         (See Decision Table and Process Flow from Reqs doc.);No         (See Decision Table and Process Flow from Reqs doc);No       (See Decision Table and Process Flow from Reqs doc);docusign eligible
Princor Financial Services;;Yes         (See Decision Table and Process Flow from Reqs doc.);No         (See Decision Table and Process Flow from Reqs doc);No       (See Decision Table and Process Flow from Reqs doc);docusign eligible
Ragen MacKenzie;;Yes         (See Decision Table and Process Flow from Reqs doc.);No         (See Decision Table and Process Flow from Reqs doc);No       (See Decision Table and Process Flow from Reqs doc);docusign eligible
Raman Brothers;;Yes         (See Decision Table and Process Flow from Reqs doc.);No         (See Decision Table and Process Flow from Reqs doc);No       (See Decision Table and Process Flow from Reqs doc);docusign eligible
Raymond James;;Yes         (See Decision Table and Process Flow from Reqs doc.);No         (See Decision Table and Process Flow from Reqs doc);No       (See Decision Table and Process Flow from Reqs doc);docusign eligible
RBC Capital Markets;;Yes         (See Decision Table and Process Flow from Reqs doc.);No         (See Decision Table and Process Flow from Reqs doc);No       (See Decision Table and Process Flow from Reqs doc);docusign eligible
Reaves (W H & Co);;Yes         (See Decision Table and Process Flow from Reqs doc.);No         (See Decision Table and Process Flow from Reqs doc);No       (See Decision Table and Process Flow from Reqs doc);docusign eligible
Regal Securities;;Yes         (See Decision Table and Process Flow from Reqs doc.);No         (See Decision Table and Process Flow from Reqs doc);No       (See Decision Table and Process Flow from Reqs doc);docusign eligible
Richards, Merrill & Peterson, Inc;;Yes         (See Decision Table and Process Flow from Reqs doc.);No         (See Decision Table and Process Flow from Reqs doc);No       (See Decision Table and Process Flow from Reqs doc);docusign eligible
Ridge Clearing ;;Yes         (See Decision Table and Process Flow from Reqs doc.);No         (See Decision Table and Process Flow from Reqs doc);No       (See Decision Table and Process Flow from Reqs doc);docusign eligible
Robeco;;Yes         (See Decision Table and Process Flow from Reqs doc.);No         (See Decision Table and Process Flow from Reqs doc);No       (See Decision Table and Process Flow from Reqs doc);docusign eligible
Robert W Baird;;Yes         (See Decision Table and Process Flow from Reqs doc.);No         (See Decision Table and Process Flow from Reqs doc);No       (See Decision Table and Process Flow from Reqs doc);docusign eligible
Robinson & Lukens Inc.;;Yes         (See Decision Table and Process Flow from Reqs doc.);No         (See Decision Table and Process Flow from Reqs doc);No       (See Decision Table and Process Flow from Reqs doc);docusign eligible
Rosenthal Collins Securities, LLC;;Yes         (See Decision Table and Process Flow from Reqs doc.);No         (See Decision Table and Process Flow from Reqs doc);No       (See Decision Table and Process Flow from Reqs doc);docusign eligible
Royal Alliance Services;;Yes         (See Decision Table and Process Flow from Reqs doc.);No         (See Decision Table and Process Flow from Reqs doc);No       (See Decision Table and Process Flow from Reqs doc);docusign eligible
S G Cowen;;Yes         (See Decision Table and Process Flow from Reqs doc.);No         (See Decision Table and Process Flow from Reqs doc);No       (See Decision Table and Process Flow from Reqs doc);docusign eligible
Sanford C Berstein;;Yes         (See Decision Table and Process Flow from Reqs doc.);No         (See Decision Table and Process Flow from Reqs doc);No       (See Decision Table and Process Flow from Reqs doc);docusign eligible
Saxony Securities;;Yes         (See Decision Table and Process Flow from Reqs doc.);No         (See Decision Table and Process Flow from Reqs doc);No       (See Decision Table and Process Flow from Reqs doc);docusign eligible
Scott Stringfellow Invst;;Yes         (See Decision Table and Process Flow from Reqs doc.);No         (See Decision Table and Process Flow from Reqs doc);No       (See Decision Table and Process Flow from Reqs doc);docusign eligible
Scotttrade;;Yes         (See Decision Table and Process Flow from Reqs doc.);No         (See Decision Table and Process Flow from Reqs doc);No       (See Decision Table and Process Flow from Reqs doc);docusign eligible
Seasongood & Mayer;;Yes         (See Decision Table and Process Flow from Reqs doc.);No         (See Decision Table and Process Flow from Reqs doc);No       (See Decision Table and Process Flow from Reqs doc);docusign eligible
Seattle Northwest Securities;;Yes         (See Decision Table and Process Flow from Reqs doc.);No         (See Decision Table and Process Flow from Reqs doc);No       (See Decision Table and Process Flow from Reqs doc);docusign eligible
Securities America;;Yes         (See Decision Table and Process Flow from Reqs doc.);No         (See Decision Table and Process Flow from Reqs doc);No       (See Decision Table and Process Flow from Reqs doc);docusign eligible
Securities Service Network Inc;;Yes         (See Decision Table and Process Flow from Reqs doc.);No         (See Decision Table and Process Flow from Reqs doc);No       (See Decision Table and Process Flow from Reqs doc);docusign eligible
SEI Private Trust Co.      ;;Yes         (See Decision Table and Process Flow from Reqs doc.);No         (See Decision Table and Process Flow from Reqs doc);No       (See Decision Table and Process Flow from Reqs doc);docusign eligible
Select Investing;;Yes         (See Decision Table and Process Flow from Reqs doc.);No         (See Decision Table and Process Flow from Reqs doc);No       (See Decision Table and Process Flow from Reqs doc);docusign eligible
Shemano Group, Inc;;Yes         (See Decision Table and Process Flow from Reqs doc.);No         (See Decision Table and Process Flow from Reqs doc);No       (See Decision Table and Process Flow from Reqs doc);docusign eligible
Siberall John A & Co;;Yes         (See Decision Table and Process Flow from Reqs doc.);No         (See Decision Table and Process Flow from Reqs doc);No       (See Decision Table and Process Flow from Reqs doc);docusign eligible
Smith Barney;;Yes         (See Decision Table and Process Flow from Reqs doc.);No         (See Decision Table and Process Flow from Reqs doc);No       (See Decision Table and Process Flow from Reqs doc);docusign eligible
Smith Moore & Co;;Yes         (See Decision Table and Process Flow from Reqs doc.);No         (See Decision Table and Process Flow from Reqs doc);No       (See Decision Table and Process Flow from Reqs doc);docusign eligible
Sogotrade;;Yes         (See Decision Table and Process Flow from Reqs doc.);No         (See Decision Table and Process Flow from Reqs doc);No       (See Decision Table and Process Flow from Reqs doc);docusign eligible
Southwest Securities;;Yes         (See Decision Table and Process Flow from Reqs doc.);No         (See Decision Table and Process Flow from Reqs doc);No       (See Decision Table and Process Flow from Reqs doc);docusign eligible
Speer Leeds & Kellogg;;Yes         (See Decision Table and Process Flow from Reqs doc.);No         (See Decision Table and Process Flow from Reqs doc);No       (See Decision Table and Process Flow from Reqs doc);docusign eligible
Stephens, Inc;;Yes         (See Decision Table and Process Flow from Reqs doc.);No         (See Decision Table and Process Flow from Reqs doc);No       (See Decision Table and Process Flow from Reqs doc);docusign eligible
Sterling Financial Investment Group, Inc;;Yes         (See Decision Table and Process Flow from Reqs doc.);No         (See Decision Table and Process Flow from Reqs doc);No       (See Decision Table and Process Flow from Reqs doc);docusign eligible
Sterne Agee & Leech;;Yes         (See Decision Table and Process Flow from Reqs doc.);No         (See Decision Table and Process Flow from Reqs doc);No       (See Decision Table and Process Flow from Reqs doc);docusign eligible
Stifel Nicolaus;;Yes         (See Decision Table and Process Flow from Reqs doc.);No         (See Decision Table and Process Flow from Reqs doc);No       (See Decision Table and Process Flow from Reqs doc);docusign eligible
Stockcross;;Yes         (See Decision Table and Process Flow from Reqs doc.);No         (See Decision Table and Process Flow from Reqs doc);No       (See Decision Table and Process Flow from Reqs doc);docusign eligible
Summit Brokerage Services;;Yes         (See Decision Table and Process Flow from Reqs doc.);No         (See Decision Table and Process Flow from Reqs doc);No       (See Decision Table and Process Flow from Reqs doc);docusign eligible
Sun Trust Investment Service;;Yes         (See Decision Table and Process Flow from Reqs doc.);No         (See Decision Table and Process Flow from Reqs doc);No       (See Decision Table and Process Flow from Reqs doc);docusign eligible
Sweeny Cartwright & Co  (Principle Trust);;Yes         (See Decision Table and Process Flow from Reqs doc.);No         (See Decision Table and Process Flow from Reqs doc);No       (See Decision Table and Process Flow from Reqs doc);docusign eligible
Swiss American Securities;;Yes         (See Decision Table and Process Flow from Reqs doc.);No         (See Decision Table and Process Flow from Reqs doc);No       (See Decision Table and Process Flow from Reqs doc);docusign eligible
Symetra;;Yes         (See Decision Table and Process Flow from Reqs doc.);No         (See Decision Table and Process Flow from Reqs doc);No       (See Decision Table and Process Flow from Reqs doc);docusign eligible
T. Rowe Price BROKERAGE;;Yes         (See Decision Table and Process Flow from Reqs doc.);No         (See Decision Table and Process Flow from Reqs doc);No       (See Decision Table and Process Flow from Reqs doc);docusign eligible
Terra Nova;;Yes         (See Decision Table and Process Flow from Reqs doc.);No         (See Decision Table and Process Flow from Reqs doc);No       (See Decision Table and Process Flow from Reqs doc);docusign eligible
Think or Swim;;Yes         (See Decision Table and Process Flow from Reqs doc.);No         (See Decision Table and Process Flow from Reqs doc);No       (See Decision Table and Process Flow from Reqs doc);docusign eligible
Thrivent Investment Management;;Yes         (See Decision Table and Process Flow from Reqs doc.);No         (See Decision Table and Process Flow from Reqs doc);No       (See Decision Table and Process Flow from Reqs doc);docusign eligible
TIAA-CREF;;Yes         (See Decision Table and Process Flow from Reqs doc.);No         (See Decision Table and Process Flow from Reqs doc);No       (See Decision Table and Process Flow from Reqs doc);docusign eligible
Tradestation;;Yes         (See Decision Table and Process Flow from Reqs doc.);No         (See Decision Table and Process Flow from Reqs doc);No       (See Decision Table and Process Flow from Reqs doc);docusign eligible
Triad Advisors;;Yes         (See Decision Table and Process Flow from Reqs doc.);No         (See Decision Table and Process Flow from Reqs doc);No       (See Decision Table and Process Flow from Reqs doc);docusign eligible
UBS Securities LLC;;Yes         (See Decision Table and Process Flow from Reqs doc.);No         (See Decision Table and Process Flow from Reqs doc);No       (See Decision Table and Process Flow from Reqs doc);docusign eligible
Union Banc Investment Services;;Yes         (See Decision Table and Process Flow from Reqs doc.);No         (See Decision Table and Process Flow from Reqs doc);No       (See Decision Table and Process Flow from Reqs doc);docusign eligible
United Management Corp;;Yes         (See Decision Table and Process Flow from Reqs doc.);No         (See Decision Table and Process Flow from Reqs doc);No       (See Decision Table and Process Flow from Reqs doc);docusign eligible
United Planners Financial;;Yes         (See Decision Table and Process Flow from Reqs doc.);No         (See Decision Table and Process Flow from Reqs doc);No       (See Decision Table and Process Flow from Reqs doc);docusign eligible
US Bancorp       ( US BANK )        ;;Yes         (See Decision Table and Process Flow from Reqs doc.);No         (See Decision Table and Process Flow from Reqs doc);No       (See Decision Table and Process Flow from Reqs doc);docusign eligible
US Securities International Corp;;Yes         (See Decision Table and Process Flow from Reqs doc.);No         (See Decision Table and Process Flow from Reqs doc);No       (See Decision Table and Process Flow from Reqs doc);docusign eligible
US Trust;;Yes         (See Decision Table and Process Flow from Reqs doc.);No         (See Decision Table and Process Flow from Reqs doc);No       (See Decision Table and Process Flow from Reqs doc);docusign eligible
USAA BROKERAGE;8 Characters in the acct #?;Yes         (See Decision Table and Process Flow from Reqs doc.);No         (See Decision Table and Process Flow from Reqs doc);No       (See Decision Table and Process Flow from Reqs doc);If yes, docusign eligible.  If no, print & mail.
Uvest;;Yes         (See Decision Table and Process Flow from Reqs doc.);No         (See Decision Table and Process Flow from Reqs doc);No       (See Decision Table and Process Flow from Reqs doc);docusign eligible
Vanguard BROKERAGE;;Yes         (See Decision Table and Process Flow from Reqs doc.);No         (See Decision Table and Process Flow from Reqs doc);No       (See Decision Table and Process Flow from Reqs doc);docusign eligible
Vfinance;;Yes         (See Decision Table and Process Flow from Reqs doc.);No         (See Decision Table and Process Flow from Reqs doc);No       (See Decision Table and Process Flow from Reqs doc);docusign eligible
Vision Financial Markets LLC;;Yes         (See Decision Table and Process Flow from Reqs doc.);No         (See Decision Table and Process Flow from Reqs doc);No       (See Decision Table and Process Flow from Reqs doc);docusign eligible
VSR;;Yes         (See Decision Table and Process Flow from Reqs doc.);No         (See Decision Table and Process Flow from Reqs doc);No       (See Decision Table and Process Flow from Reqs doc);docusign eligible
Wachovia SECURITIES;;Yes         (See Decision Table and Process Flow from Reqs doc.);No         (See Decision Table and Process Flow from Reqs doc);No       (See Decision Table and Process Flow from Reqs doc);docusign eligible
Wachovia Trust                   ;;Yes         (See Decision Table and Process Flow from Reqs doc.);No         (See Decision Table and Process Flow from Reqs doc);No       (See Decision Table and Process Flow from Reqs doc);docusign eligible
Wachtel & Co;;Yes         (See Decision Table and Process Flow from Reqs doc.);No         (See Decision Table and Process Flow from Reqs doc);No       (See Decision Table and Process Flow from Reqs doc);docusign eligible
Walnut Street Securites;;Yes         (See Decision Table and Process Flow from Reqs doc.);No         (See Decision Table and Process Flow from Reqs doc);No       (See Decision Table and Process Flow from Reqs doc);docusign eligible
Warburg Dillion Read;;Yes         (See Decision Table and Process Flow from Reqs doc.);No         (See Decision Table and Process Flow from Reqs doc);No       (See Decision Table and Process Flow from Reqs doc);docusign eligible
Waters Parkinson & Co;;Yes         (See Decision Table and Process Flow from Reqs doc.);No         (See Decision Table and Process Flow from Reqs doc);No       (See Decision Table and Process Flow from Reqs doc);docusign eligible
Wayne Hummer ;;Yes         (See Decision Table and Process Flow from Reqs doc.);No         (See Decision Table and Process Flow from Reqs doc);No       (See Decision Table and Process Flow from Reqs doc);docusign eligible
Wealth Design Group;;Yes         (See Decision Table and Process Flow from Reqs doc.);No         (See Decision Table and Process Flow from Reqs doc);No       (See Decision Table and Process Flow from Reqs doc);docusign eligible
Wiley Brothers Aintree Capital;;Yes         (See Decision Table and Process Flow from Reqs doc.);No         (See Decision Table and Process Flow from Reqs doc);No       (See Decision Table and Process Flow from Reqs doc);docusign eligible
William Blair;;Yes         (See Decision Table and Process Flow from Reqs doc.);No         (See Decision Table and Process Flow from Reqs doc);No       (See Decision Table and Process Flow from Reqs doc);docusign eligible
Wilson Davis & Co;;Yes         (See Decision Table and Process Flow from Reqs doc.);No         (See Decision Table and Process Flow from Reqs doc);No       (See Decision Table and Process Flow from Reqs doc);docusign eligible
Woodbury Financial Services;;Yes         (See Decision Table and Process Flow from Reqs doc.);No         (See Decision Table and Process Flow from Reqs doc);No       (See Decision Table and Process Flow from Reqs doc);docusign eligible
WRP Investments;;Yes         (See Decision Table and Process Flow from Reqs doc.);No         (See Decision Table and Process Flow from Reqs doc);No       (See Decision Table and Process Flow from Reqs doc);docusign eligible
Zions Investment Services;;Yes         (See Decision Table and Process Flow from Reqs doc.);No         (See Decision Table and Process Flow from Reqs doc);No       (See Decision Table and Process Flow from Reqs doc);docusign eligible
